dates,varname,Российская Федерация,Центральный федеральный округ,Белгородская область,Брянская область,Владимирская область,Воронежская область,Ивановская область,Калужская область,Костромская область,Курская область,Липецкая область,Московская область,Орловская область,Рязанская область,Смоленская область,Тамбовская область,Тверская область,Тульская область,Ярославская область,г. Москва,Северо-Западный федеральный округ,Республика Карелия,Республика Коми,Архангельская область,Ненецкий авт. округ,Архангельская область без авт. округа,Вологодская область,Калининградская область,Ленинградская область,Мурманская область,Новгородская область,Псковская область,г. Санкт-Петербург,Южный федеральный округ,Республика Адыгея,Республика Калмыкия,Краснодарский край,Астраханская область,Волгоградская область,Ростовская область,Северо-Кавказский федеральный округ,Республика Дагестан,Республика Ингушетия,Кабардино-Балкарская Республика,Карачаево-Черкесская Республика,Республика Северная Осетия - Алания,Чеченская Республика,Ставропольский край,Приволжский федеральный округ,Республика Башкортостан,Республика Марий Эл,Республика Мордовия,Республика Татарстан,Удмуртская Республика,Чувашская Республика,Пермский край,Кировская область,Нижегородская область,Оренбургская область,Пензенская область,Самарская область,Саратовская область,Ульяновская область,Уральский федеральный округ,Курганская область,Свердловская область,Тюменская область,Ханты-Мансийский авт. округ - Югра,Ямало-Ненецкий авт. округ,Тюменская область без авт. округов,Челябинская область,Сибирский федеральный округ,Республика Алтай,Республика Бурятия,Республика Тыва,Республика Хакасия,Алтайский край,Забайкальский край,Красноярский край,Иркутская область,Кемеровская область,Новосибирская область,Омская область,Томская область,Дальневосточный федеральный округ,Республика Саха (Якутия),Камчатский край,Приморский край,Хабаровский край,Амурская область,Магаданская область,Сахалинская область,Еврейская авт. область,Чукотский авт. округ,Крымский федеральный округ,Республика Крым,г. Севастополь
2009-01-01,TRADE_NF_IND_ROG,74.3,79.86687570367488,69.2,69.8,80.1,83.3,70.0,66.5,95.9,80.2,86.3,83.2,73.0,75.2,80.2,63.1,80.5,81.5,80.6,79.9,100.12184397332993,79.2,73.09068920420991,82.2,83.0,,90.9,97.4,77.9,74.3,82.7,84.4,117.0,74.25437524389143,81.2,62.3,78.4,71.8,87.2,60.7,70.00257509052544,47.0,88.6,68.5,84.4,67.9,111.8,76.6,78.9,44.6,73.4,83.9,72.9,76.0,98.4,95.4,68.9,87.2,88.4,93.3,79.7,78.7,86.4,72.4,57.8,80.1,65.5,61.8,83.5,,66.2,73.71703242764201,70.2,82.1,60.2,95.0,30.9,73.8,67.9,77.3,71.9,77.4,95.2,88.1,68.6,55.5,71.9,76.9,56.3,59.2,66.1,84.1,83.7,81.6,,,
2009-02-01,TRADE_NF_IND_ROG,95.3,93.83634863341968,96.3,95.7,90.2,92.3,96.4,101.0,87.9,95.4,97.7,84.1,99.0,97.6,98.4,81.1,101.1,95.9,95.5,96.8,101.69147329896853,102.0,98.29438012304632,102.4,98.2,,100.7,86.6,91.2,100.3,91.5,92.9,106.8,94.46408024908548,88.3,114.9,86.6,106.1,104.3,97.8,102.56127810810926,120.9,118.4,87.5,105.6,80.2,83.2,97.5,98.3,114.5,101.3,97.7,98.9,104.5,98.5,89.7,95.6,92.3,90.4,86.6,100.0,99.2,103.1,93.8,94.6,91.2,97.2,96.3,100.4,,90.9,95.31613836130039,92.5,105.4,87.6,72.9,102.5,98.6,98.7,96.7,88.5,94.5,92.3,94.0,101.7,107.0,102.1,104.1,90.8,108.0,102.4,99.7,102.3,100.4,,,
2009-03-01,TRADE_NF_IND_ROG,105.0,103.55714958449886,107.4,103.4,108.1,105.9,109.3,102.1,100.5,97.1,98.2,102.2,106.0,104.4,107.9,93.3,103.6,101.4,96.9,104.4,105.1031600728732,100.7,108.01971328622628,105.3,104.7,,105.2,105.8,114.1,103.6,110.3,103.8,103.2,100.71740574119573,100.5,102.2,96.2,112.3,97.3,106.0,100.84968252647923,98.6,108.9,102.9,100.2,104.6,98.2,101.9,103.7,116.4,107.9,110.0,100.6,102.5,101.6,104.2,110.0,105.5,98.2,98.9,98.1,99.3,101.3,109.0,106.5,111.4,105.7,109.3,98.8,,123.6,109.85073622409942,107.3,109.0,105.1,104.4,112.3,107.0,107.3,116.7,113.2,109.8,105.2,104.0,109.4,110.3,110.0,105.2,113.8,113.0,106.8,109.9,105.3,116.1,,,
2009-04-01,TRADE_NF_IND_ROG,98.0,98.93793440019024,96.9,93.9,97.9,102.6,92.4,102.3,92.4,96.8,107.5,97.3,100.8,95.5,99.9,114.2,101.5,99.4,91.9,99.0,96.97705308376312,94.8,92.14072252103337,95.3,107.2,,92.2,100.8,95.5,91.8,97.2,99.4,98.8,105.22860825130107,104.2,94.5,115.8,94.8,94.3,99.3,107.34824286597836,120.1,92.6,101.7,96.2,106.0,100.9,100.6,99.00431440510657,106.2,90.5,96.4,102.3,96.4,108.2,97.7,96.9,95.6,97.3,99.5,95.5,92.4,104.2,95.5,94.9,97.4,92.5,92.2,92.9,,86.6,95.98363058956778,85.4,91.0,98.6,110.8,102.1,97.7,93.4,94.6,92.9,95.9,103.7,89.7,98.0,100.8,104.1,98.5,93.4,98.0,101.2,95.9,101.4,125.2,,,
2009-05-01,TRADE_NF_IND_ROG,100.9,100.36268158155218,99.8,90.8,106.1,96.7,98.7,100.7,98.4,101.7,100.3,106.7,97.5,107.3,101.3,109.1,98.1,100.8,99.6,98.2,98.18270286257108,99.5,92.52527254556495,96.9,91.5,,102.9,108.2,111.9,92.0,101.2,95.9,95.6,97.79783418591623,92.8,104.9,97.1,101.9,95.8,99.2,103.05914416225909,113.4,74.3,108.3,95.2,100.3,86.0,98.3,102.26562099336209,107.5,96.9,105.2,96.4,104.6,91.2,101.1,101.5,99.7,108.6,109.1,102.1,103.0,104.5,101.1,104.3,99.9,104.7,108.0,102.2,,97.4,101.16676538910569,112.0,88.7,103.6,129.6,98.0,101.3,94.8,103.5,104.7,105.1,100.6,98.7,104.3,102.3,99.0,106.1,115.1,98.3,103.5,96.8,98.4,91.3,,,
2009-06-01,TRADE_NF_IND_ROG,101.1,99.61284880963987,101.9,101.2,99.3,98.9,111.1,101.8,104.7,102.1,97.2,105.0,103.9,98.9,96.6,107.2,102.3,100.6,96.1,96.9,97.63529317280401,103.8,97.17277321250857,109.6,92.4,,100.2,102.7,102.9,86.8,103.6,103.7,94.2,103.67885662362629,115.9,101.6,105.2,98.6,100.8,103.2,104.06221840952517,104.3,107.1,106.1,107.0,101.7,99.4,104.3,103.63500034505324,107.5,102.4,98.0,106.7,104.5,108.4,101.1,103.2,98.4,109.0,101.7,102.0,104.6,97.8,99.8,100.3,99.0,99.9,96.1,103.4,,103.5,100.06603332995205,109.5,101.6,92.7,111.1,103.4,99.4,102.3,103.6,94.4,101.1,91.7,103.5,98.0,100.8,97.7,96.9,104.4,95.8,101.8,90.6,98.9,73.2,,,
2009-07-01,TRADE_NF_IND_ROG,102.7,101.7739255193001,109.7,98.6,107.8,104.2,106.5,102.9,111.6,106.0,104.8,99.1,107.2,101.7,106.0,100.4,107.8,103.0,105.5,100.8,97.59670257907854,104.6,97.99750016028607,98.6,97.8,,99.2,106.8,110.0,95.4,106.8,102.4,92.3,106.71407926594104,97.9,109.4,115.9,103.7,98.3,99.4,97.33374499346742,89.7,96.3,107.3,102.6,98.3,90.3,103.8,104.185029140902,105.1,106.6,103.8,103.4,100.5,96.9,105.1,107.9,107.0,107.7,103.8,100.3,105.6,106.1,103.0,103.8,102.4,98.9,97.5,97.5,,109.4,102.53016589586605,101.7,130.5,104.7,90.3,107.1,103.6,103.9,104.0,101.6,91.5,105.2,104.9,105.6,103.9,99.1,104.2,104.6,106.7,98.7,114.8,102.0,107.3,,,
2009-08-01,TRADE_NF_IND_ROG,102.2,101.2403674786707,98.4,106.8,99.5,102.3,98.3,99.4,103.0,100.7,104.8,98.5,99.3,100.0,98.8,110.1,101.5,98.7,98.2,102.2,96.35784060060067,102.3,96.52330267966897,105.9,110.8,,99.6,100.7,99.9,107.7,99.5,101.1,91.0,105.71929557568319,109.2,95.8,108.5,103.8,100.9,104.4,107.65845454241789,111.8,95.1,112.0,99.2,100.2,107.6,105.3,100.56290116146437,95.7,109.1,100.2,98.1,103.2,108.8,100.1,101.1,99.7,108.3,99.7,102.0,106.1,96.7,101.2,99.4,100.4,103.3,104.7,99.7,,99.8,103.2556516475449,91.3,81.0,117.6,114.2,102.2,102.5,107.4,94.2,103.0,111.0,105.3,95.8,103.0,102.5,115.6,102.6,103.3,106.0,106.1,97.1,101.6,126.1,,,
2009-09-01,TRADE_NF_IND_ROG,99.6,100.66643200753424,100.5,106.0,93.7,98.1,97.1,98.7,93.7,101.1,103.8,100.8,99.8,96.3,99.0,87.9,100.4,97.2,97.3,102.0,94.43295900588191,96.9,101.59571459716689,97.9,101.5,,94.5,101.0,91.6,108.3,102.5,102.2,89.7,99.07335409272244,94.3,93.5,99.9,97.7,94.7,101.0,102.43236719548523,107.4,105.2,101.8,96.7,100.7,101.9,98.2,98.8,100.9,105.0,99.8,99.4,97.8,94.2,96.1,97.9,97.3,102.8,98.9,99.1,96.4,100.2,98.2,99.0,97.6,102.7,103.8,101.4,,92.6,99.16475608772386,98.1,99.9,96.9,102.7,102.6,97.2,98.4,98.5,96.1,98.2,102.4,103.3,98.0,100.4,88.9,98.6,98.8,98.2,100.5,95.0,99.4,86.1,,,
2009-10-01,TRADE_NF_IND_ROG,103.1,103.08085564038305,101.4,100.6,100.3,98.8,102.0,99.3,100.9,101.4,99.9,101.0,104.1,105.3,101.8,100.4,101.2,103.3,100.8,105.1,96.707166770387,99.8,104.14467763368121,102.6,110.9,,107.3,104.8,100.5,113.9,99.8,102.8,88.9,100.81948123263146,105.2,100.9,98.5,107.1,105.6,99.9,101.05712020294791,101.9,93.8,99.6,102.3,96.7,103.9,100.8,102.9,112.3,99.4,99.0,103.8,99.2,97.0,101.3,99.2,101.7,96.4,101.0,100.8,104.2,99.5,105.9,101.1,106.4,106.6,108.3,102.3,,108.0,103.46160709842906,97.7,107.5,113.2,94.1,98.2,103.1,105.2,99.1,103.6,101.9,111.9,106.0,104.7,100.6,102.6,98.7,104.1,107.3,107.1,122.5,101.2,103.8,,,
2009-11-01,TRADE_NF_IND_ROG,98.6,98.05480192525292,101.3,97.4,100.9,96.3,97.2,95.9,92.9,100.0,92.9,92.8,96.9,92.6,98.7,100.0,97.6,98.7,97.0,100.4,93.59366359903422,97.2,99.85871518745022,98.8,92.4,,91.7,102.2,92.1,104.9,95.2,102.3,88.9,94.44595585874787,96.6,99.7,91.5,87.3,97.9,98.8,105.23119493896475,110.4,122.9,105.9,93.4,110.3,103.5,99.3,98.0,94.6,96.4,99.6,110.5,98.9,98.6,97.9,94.8,94.8,94.7,98.6,98.2,88.3,92.9,101.7,98.6,101.7,105.5,110.2,107.7,,95.6,97.39271619851013,96.1,99.2,102.8,98.8,100.6,93.1,99.2,96.9,96.9,99.5,89.5,99.2,100.0,100.0,99.7,99.9,105.2,96.1,99.4,96.5,99.1,93.4,,,
2009-12-01,TRADE_NF_IND_ROG,118.5,117.49684884059103,112.4,130.3,122.0,109.2,126.8,118.9,121.5,116.0,114.2,111.7,111.3,122.8,121.6,123.3,107.2,113.7,116.7,120.2,104.21146902979052,118.9,122.26771531605966,113.5,124.4,,101.9,107.2,125.0,130.5,115.9,112.2,89.5,115.55009463250099,115.8,129.6,113.1,117.8,116.2,118.2,116.5088064398416,117.1,107.5,109.2,119.8,134.0,103.3,117.0,117.8,127.5,111.5,113.5,113.6,116.2,118.7,113.9,117.1,122.5,103.9,115.7,113.6,117.4,135.9,124.4,114.9,123.5,118.6,116.8,128.1,,131.3,116.78437993966871,124.5,124.3,152.7,100.0,121.0,127.4,120.1,118.6,116.2,109.2,114.9,109.3,128.2,148.3,116.7,119.4,128.6,120.8,124.6,131.8,114.4,141.9,,,
2010-01-01,TRADE_NF_IND_ROG,78.3,82.3319332043834,76.1,71.8,78.6,87.2,74.0,80.6,92.4,88.9,79.9,87.0,82.8,76.7,82.6,76.6,80.7,83.1,87.6,81.3,83.95718055378894,77.8,83.86990568142717,82.5,88.6,,102.2,76.8,83.3,72.2,84.8,83.5,85.5,83.97944808448315,90.1,83.0,80.3,91.8,86.6,85.6,66.51713395875271,45.9,113.3,66.8,82.0,74.6,88.4,73.2,76.91515715813634,44.1,71.7,80.3,77.7,77.1,85.6,80.7,81.0,85.8,86.1,78.8,84.9,81.4,69.2,72.9103135079785,78.1,76.9,68.7,61.9,70.4,,70.7,83.36495041289322,83.5,83.7,62.9,127.2,63.8,75.5,76.8,80.4,84.1,93.8,81.4,94.2,67.97921639136791,55.1,77.8,73.9,58.2,69.2,69.1,74.16,83.0,86.7,,,
2010-02-01,TRADE_NF_IND_ROG,97.2,95.82936361159403,96.6,103.8,93.9,101.9,96.7,100.9,95.3,98.8,95.7,95.1,96.7,104.2,91.4,95.8,104.0,97.3,96.0,94.5,96.44792264373402,109.7,100.34236430912179,96.3,78.8,,100.2,94.2,90.3,99.8,89.4,95.6,96.4,93.30837338119863,94.7,98.8,85.4,93.6,100.3,100.2,104.53419438171969,115.3,98.0,101.3,101.4,86.1,101.8,99.8,99.47691239281622,113.0,102.0,93.7,100.0,99.0,88.2,96.4,99.0,94.4,101.8,97.3,97.2,95.3,103.4,98.82427144492084,100.2,96.7,98.1,94.8,106.3,,103.3,97.03979796941975,94.9,102.7,90.8,86.4,100.1,101.5,101.9,94.3,100.9,87.6,96.0,103.9,100.03052150818527,103.7,95.0,100.5,101.6,107.3,109.4,89.96,96.3,94.9,,,
2010-03-01,TRADE_NF_IND_ROG,108.9,107.96313570543525,108.3,107.1,107.4,105.9,117.1,102.4,119.3,105.3,111.6,112.9,117.2,105.7,119.0,97.9,111.2,113.2,110.1,105.6,111.97371459807054,97.6,116.43542053200834,116.2,114.5,,112.2,105.9,114.6,108.2,107.1,112.4,112.6,103.28730668495515,93.7,106.5,96.4,115.4,106.6,108.3,109.5,112.0,118.5,100.0,112.1,112.8,108.2,107.9,110.58089937690164,125.3,122.8,107.1,105.8,113.0,108.9,111.5,113.8,107.8,99.3,116.6,104.7,108.3,112.8,107.74283493191993,116.1,108.7,104.0,105.6,101.1,,109.5,111.14967241156046,117.7,117.9,113.7,110.3,118.1,108.5,116.6,107.2,111.0,110.2,106.6,99.4,111.84140368297274,115.4,121.2,111.5,109.3,109.4,105.7,112.13,108.3,104.4,,,
2010-04-01,TRADE_NF_IND_ROG,100.6,101.16032449375984,103.2,102.3,101.7,98.4,98.1,103.4,95.2,100.1,99.3,103.8,103.5,97.7,99.9,97.5,101.3,102.5,101.1,100.7,97.9400451885428,102.2,92.92877709160483,92.7,113.4,,92.4,100.0,100.1,94.7,95.6,100.0,99.4,104.50381096659154,121.5,101.1,106.5,109.8,103.7,99.7,100.0,95.8,93.3,99.7,98.6,112.4,93.3,104.2,103.07153032142546,104.2,97.7,110.9,101.4,99.0,101.5,100.4,101.2,104.9,109.1,93.7,101.7,111.3,108.2,99.34580661193007,94.4,100.9,100.3,101.1,99.0,,96.4,96.36423246717231,92.0,82.9,98.5,96.7,100.9,95.9,94.6,98.9,95.5,99.1,97.1,92.0,96.00687181748384,99.3,101.7,94.8,95.0,98.7,96.8,91.79,98.4,103.4,,,
2010-05-01,TRADE_NF_IND_ROG,102.1,101.24153247221358,105.6,104.5,107.2,101.6,96.5,105.8,106.9,104.0,108.6,101.7,100.0,107.9,101.3,108.0,100.3,105.1,107.3,99.2,102.97725424114007,101.3,98.50763277493262,99.3,79.9,,108.6,101.7,113.0,93.2,105.7,99.5,103.0,103.44513606876683,105.0,103.1,107.1,100.4,101.3,100.6,107.9,116.4,68.0,106.4,104.4,104.1,98.6,105.1,101.79464023827725,108.0,98.0,107.0,98.9,104.1,105.3,101.7,103.0,99.2,101.4,102.9,99.8,99.6,101.8,98.36592007492914,101.9,102.4,97.7,95.9,95.5,,91.5,103.4092059455679,111.3,102.3,102.4,100.0,102.2,103.2,103.0,100.1,110.6,101.7,104.1,100.8,104.76083098343034,104.5,99.4,101.7,116.5,97.0,102.0,104.9,103.3,92.4,,,
2010-06-01,TRADE_NF_IND_ROG,102.0,100.82081524012753,101.0,101.4,102.2,99.6,111.9,102.1,108.6,100.3,101.7,103.7,99.9,100.6,101.9,110.9,103.5,101.1,104.2,98.8,99.88199437226021,106.7,95.69828434499124,110.7,104.8,,101.2,98.2,105.5,90.5,103.6,96.9,98.3,101.97150738774738,96.8,80.7,104.5,99.8,100.8,100.8,107.0,111.9,91.3,107.8,103.5,100.7,99.4,105.9,102.73203685789694,107.5,106.7,97.0,103.0,99.4,99.7,102.9,102.4,101.3,99.5,98.6,101.8,105.7,101.6,102.33484730634157,102.2,102.2,100.4,100.7,100.1,,105.2,102.75620153764348,108.6,99.3,101.0,91.2,106.2,99.2,96.3,108.6,99.2,108.5,103.4,105.1,99.90006445542576,102.3,96.7,103.1,96.2,99.5,102.7,96.64,99.1,94.2,,,
2010-07-01,TRADE_NF_IND_ROG,102.8,102.01771942152592,103.0,98.8,102.9,107.2,107.4,108.6,103.6,103.9,105.0,104.3,107.0,105.9,103.1,100.9,103.5,102.6,103.6,99.8,100.65396816057526,98.8,102.51114409891117,101.1,115.9,,104.7,106.8,100.5,91.4,106.5,108.1,99.6,108.27526773495867,96.9,133.8,118.6,104.9,100.4,100.4,104.5,104.6,114.7,109.3,100.2,101.9,99.7,105.1,101.89898853580951,102.5,102.9,99.8,102.5,104.8,105.9,102.5,102.0,105.1,101.2,101.5,95.6,101.0,105.5,103.17469378413054,103.9,103.5,100.5,101.3,97.3,,106.0,102.86634192917536,97.4,107.5,100.9,108.5,100.0,104.5,104.7,102.1,104.1,102.5,100.7,98.7,101.55076152364148,100.1,97.2,104.3,110.0,102.4,100.1,88.14,105.2,99.7,,,
2010-08-01,TRADE_NF_IND_ROG,103.0,101.73218243631212,103.9,104.9,99.4,103.5,101.4,103.4,100.4,97.4,102.0,100.0,103.9,98.0,102.7,104.7,101.9,101.9,98.9,102.2,102.48858235506306,109.0,99.46828660810246,101.5,99.9,,101.9,105.6,104.5,108.4,101.5,102.9,101.2,105.96413489658153,101.9,95.0,111.2,100.4,103.7,102.1,100.3,93.3,93.3,109.0,103.2,105.1,101.0,105.0,104.0877913630004,102.0,115.5,99.6,106.6,102.0,107.9,102.8,102.0,104.4,107.0,96.9,107.0,101.9,100.6,102.23720610581435,101.4,102.1,100.9,97.1,121.3,,104.4,103.91160457426359,91.0,100.6,109.3,101.2,109.7,105.1,101.6,103.7,102.7,104.7,107.0,99.9,103.91445289664715,103.0,102.1,102.3,107.7,107.2,103.6,103.07,97.1,95.8,,,
2010-09-01,TRADE_NF_IND_ROG,99.2,99.49487558583903,100.2,97.1,94.7,100.2,102.3,99.8,95.8,98.0,97.1,98.1,96.2,97.3,98.7,97.1,95.4,99.2,96.6,100.9,97.676462666737,95.8,99.27149779666745,94.1,115.1,,98.9,104.0,92.2,111.0,100.9,96.0,96.9,98.15660273244814,101.9,104.7,100.7,95.5,95.4,96.2,104.7,111.6,102.9,106.6,95.5,93.4,101.4,100.4,99.04024526945655,103.0,77.4,105.2,99.3,99.3,96.2,96.6,98.2,94.4,103.9,98.3,98.8,102.2,100.3,98.24869323807036,94.9,98.9,101.0,101.0,104.1,,94.2,97.79331593941188,96.2,95.5,98.5,100.8,103.7,97.1,95.5,94.6,95.6,97.2,103.7,100.2,100.83088937944949,100.1,100.5,100.4,101.9,102.6,93.6,101.49,97.9,102.9,,,
2010-10-01,TRADE_NF_IND_ROG,103.8,104.69322762668533,108.9,98.2,102.9,99.6,105.6,101.2,101.1,100.2,103.2,103.8,92.0,100.1,101.7,99.5,100.7,101.8,100.7,107.2,103.36958547289976,106.2,106.71248650364979,98.1,87.2,,103.0,101.9,98.6,113.4,108.6,103.1,103.3,100.74482258711065,105.3,98.9,97.8,100.8,105.8,102.0,102.3,104.8,95.7,98.7,98.8,101.1,101.1,101.4,103.89017151991146,110.0,113.8,94.6,106.2,104.2,100.9,103.3,101.8,104.0,97.5,102.6,101.0,101.1,98.3,104.02101425677128,101.1,103.8,105.1,108.5,104.9,,103.6,104.84582494144036,97.9,100.8,100.8,102.9,100.0,102.8,104.6,105.7,105.3,108.9,107.6,98.1,100.86971876331009,100.0,86.2,100.0,103.6,104.6,103.5,100.87,101.6,117.0,,,
2010-11-01,TRADE_NF_IND_ROG,100.1,100.85510245225231,105.9,97.6,104.4,99.6,103.3,99.1,92.0,105.5,100.3,97.0,100.2,101.7,102.1,98.4,99.9,99.5,117.8,101.7,102.96251400040558,92.6,101.1127435713073,99.0,112.6,,99.2,103.2,91.8,103.2,92.9,99.1,108.4,99.23137395689675,97.1,98.5,99.6,106.6,96.5,98.4,101.9,101.0,109.1,103.8,90.7,108.4,101.2,102.5,98.7490436691755,98.7,99.2,97.7,104.6,98.8,96.4,97.3,97.3,99.5,104.5,96.8,92.0,94.2,104.6,99.60669458887622,96.2,99.1,102.2,102.3,105.6,,97.8,99.05038518642957,98.8,96.1,111.3,97.3,100.9,96.1,97.6,96.8,100.0,99.6,100.9,101.9,98.23226349892913,100.0,101.6,96.3,92.8,101.9,100.7,103.48,97.5,96.7,,,
2010-12-01,TRADE_NF_IND_ROG,118.1,118.7548749171417,114.0,119.2,117.3,109.0,115.6,110.9,123.3,113.7,118.1,109.9,114.1,122.6,114.0,124.1,113.2,116.1,101.9,124.5,119.38200361826844,120.3,126.63388605881313,128.2,113.6,,129.4,106.2,117.8,134.3,119.6,120.6,116.1,114.25475371720012,116.8,109.4,111.4,119.5,110.3,118.8,115.0,116.2,105.0,114.3,109.6,127.5,101.6,115.3,117.60446264742468,120.1,107.5,114.1,112.8,127.5,110.4,114.8,121.7,111.0,108.0,118.8,129.3,125.7,108.2,120.50855091978991,121.8,119.6,114.6,114.6,115.5,,129.5,115.67691602408398,113.8,129.1,129.6,117.1,122.3,124.3,121.0,109.8,108.6,111.0,110.8,124.6,128.50839241199247,138.3,138.8,119.4,136.2,136.2,117.8,119.02,119.2,118.2,,,
2011-01-01,TRADE_NF_IND_ROG,75.4,77.67195567936784,74.9,76.9,82.4,89.5,86.6,78.7,75.4,83.7,74.1,87.1,80.7,79.1,79.3,74.2,84.5,73.5,88.4,74.1,77.2,78.8,73.5,77.2,71.4,,75.7,80.3,84.6,68.5,79.7,80.0,76.4,81.1,75.1,76.7,79.6,86.6,79.9,83.1,68.1,38.6,188.8,70.8,84.7,74.0,90.8,71.1,74.3,48.4,73.6,89.7,77.0,65.1,98.0,79.5,76.8,81.5,80.0,82.7,75.7,70.8,74.8,76.44417180672194,79.5,76.8,76.0,70.9,76.1,,75.8,77.6,97.4,80.4,61.8,99.5,61.7,75.1,81.5,77.9,77.1,81.9,70.1,78.1,70.2,54.8,73.1,78.2,58.8,62.3,88.2,82.9,80.5,81.9,,,
2011-02-01,TRADE_NF_IND_ROG,98.8,97.39934057156017,101.5,109.1,102.2,98.9,93.7,102.2,101.6,96.9,99.7,97.0,101.5,99.4,94.5,102.6,96.4,101.0,92.2,98.6,97.9,98.1,97.3,99.7,100.1,,92.1,95.0,97.7,101.3,95.8,97.7,98.3,93.6,95.8,116.3,86.0,98.6,98.4,100.0,102.7,119.4,84.4,91.3,97.9,93.0,100.5,96.4,100.3,110.1,105.3,91.4,94.2,93.5,89.0,96.0,106.3,103.4,100.7,99.5,100.7,101.1,105.5,99.64363921505125,99.0,98.2,102.2,101.2,101.7,,99.1,100.3,93.5,98.6,101.5,83.3,104.4,101.3,101.1,104.7,100.4,99.2,98.3,97.1,97.7,103.7,99.8,95.5,97.2,103.5,94.4,92.2,97.5,88.6,,,
2011-03-01,TRADE_NF_IND_ROG,108.7,106.35052055788907,112.6,110.8,104.3,108.9,107.7,105.8,113.2,114.1,109.8,112.9,114.4,108.6,107.1,100.5,111.4,110.9,109.4,104.8,110.4,99.0,118.5,112.8,116.2,,127.9,103.8,108.5,107.2,103.4,108.9,110.1,105.2,110.8,110.8,95.2,118.0,111.0,111.2,107.6,108.1,100.6,104.4,111.1,103.9,113.2,107.6,109.3,115.8,111.4,109.3,106.5,108.6,105.4,108.3,108.6,112.8,107.3,120.7,101.4,109.7,109.1,109.72348524858288,106.4,108.5,112.0,109.5,112.2,,109.6,109.8,108.0,106.7,107.7,97.7,113.7,107.6,105.4,111.5,108.6,106.3,125.6,109.6,113.1,117.2,119.3,117.6,103.8,110.8,103.1,112.5,110.5,116.8,,,
2011-04-01,TRADE_NF_IND_ROG,101.5,101.6279465034066,95.1,105.0,100.8,102.4,101.3,101.7,89.9,103.1,99.3,106.3,101.0,102.4,97.0,107.2,101.4,106.2,108.9,102.3,99.0,105.1,94.8,99.9,88.7,,81.2,99.3,107.1,92.2,97.3,102.5,99.7,100.1,103.7,97.7,102.0,98.5,97.9,98.8,102.7,101.1,94.4,99.3,95.8,103.1,111.9,103.8,103.1,107.3,107.8,99.9,100.9,101.0,99.2,105.7,98.2,102.1,103.6,98.3,105.2,103.9,97.3,100.65881533313853,98.6,101.2,97.6,97.0,98.2,,103.8,100.5,93.0,105.9,102.8,123.9,101.4,96.8,98.4,96.4,102.0,100.4,102.0,98.8,95.4,95.3,94.1,90.6,101.8,102.8,92.8,92.2,95.5,98.3,,,
2011-05-01,TRADE_NF_IND_ROG,103.3,100.6500331067632,107.2,108.8,101.5,103.9,100.3,110.6,107.5,107.7,105.0,101.7,106.0,107.1,107.1,100.4,99.9,103.2,101.7,100.3,104.5,108.2,101.6,100.9,99.6,,111.3,103.0,108.4,95.2,102.3,106.4,104.9,104.0,106.7,103.0,105.2,96.2,105.1,103.9,107.3,110.3,97.2,99.2,112.5,101.4,114.6,105.9,104.0,110.3,100.1,106.9,102.7,109.4,106.0,101.7,102.9,104.0,103.1,102.5,100.2,103.2,103.5,102.04251834654798,107.0,103.7,102.4,100.2,100.3,,98.0,103.8,112.6,102.8,96.5,109.8,101.4,101.4,108.6,103.8,103.2,103.0,101.2,101.1,104.2,107.2,109.8,103.2,108.8,102.0,104.0,98.3,95.8,102.2,,,
2011-06-01,TRADE_NF_IND_ROG,101.5,99.25757383002181,104.1,102.9,106.8,101.1,103.9,103.3,108.2,94.3,98.0,99.9,100.0,100.5,99.1,109.3,101.5,99.3,105.5,99.8,97.7,107.2,94.7,102.9,87.7,,96.8,101.4,102.7,87.1,105.6,103.0,95.5,103.3,100.6,104.7,108.1,93.5,99.0,102.3,107.0,111.9,90.3,106.2,105.6,104.5,105.7,104.9,102.8,104.8,105.7,92.4,102.7,106.5,104.9,105.2,106.0,96.9,102.2,104.2,103.9,103.2,96.1,102.28716655922821,101.7,103.6,100.3,104.8,101.0,,102.6,100.7,107.2,102.2,104.2,101.0,104.4,100.1,96.0,102.9,99.7,101.5,102.8,98.8,101.2,103.8,100.2,99.3,99.6,104.8,97.0,102.7,101.1,84.3,,,
2011-07-01,TRADE_NF_IND_ROG,103.2,99.97476856892324,103.4,101.5,103.5,103.4,103.2,105.0,105.1,104.5,106.0,106.5,101.3,101.7,105.0,104.0,100.2,101.5,102.7,97.9,103.6,94.4,107.0,102.9,112.9,,118.2,107.7,108.9,92.4,106.2,102.6,101.7,110.7,107.5,99.9,120.1,109.6,101.7,103.6,130.5,118.0,1140.1,111.3,106.1,101.4,103.8,103.3,102.0,102.1,99.1,101.4,106.3,104.0,102.6,98.4,99.7,107.1,101.4,98.3,97.0,99.6,103.0,101.34484488168378,101.6,100.9,103.3,107.4,99.5,,99.7,103.8,108.3,102.4,98.8,90.6,105.9,103.7,104.5,100.3,103.3,104.6,108.5,101.1,102.5,100.7,97.0,103.8,105.7,100.7,100.2,101.6,106.1,85.2,,,
2011-08-01,TRADE_NF_IND_ROG,104.7,102.18983112325485,103.7,101.0,99.1,103.1,99.4,103.6,115.2,101.6,100.1,104.5,104.2,101.4,98.7,110.2,104.5,101.2,104.3,103.6,105.0,115.8,100.0,99.5,103.6,,97.2,100.7,104.4,110.4,101.6,101.1,107.2,107.3,105.2,103.2,112.0,102.6,105.6,103.5,108.1,112.3,109.7,110.7,99.9,102.0,102.6,107.0,104.3,105.0,108.7,105.8,102.6,106.3,105.4,107.4,100.9,102.3,102.9,104.6,103.7,108.3,101.4,103.5085777262475,101.0,104.6,103.8,105.3,101.3,,101.8,104.7,97.7,104.0,103.5,101.1,106.6,104.2,105.3,103.7,106.7,102.3,106.1,105.1,106.1,105.4,106.6,103.0,118.1,101.9,104.7,102.9,96.9,103.9,,,
2011-09-01,TRADE_NF_IND_ROG,98.9,99.24108508286619,100.7,101.1,95.5,98.7,100.9,104.0,91.4,95.6,98.3,95.6,97.5,97.7,96.4,97.4,97.3,99.5,99.1,103.8,99.2,95.7,99.3,97.8,105.4,,97.0,101.7,90.5,109.3,100.3,96.1,100.8,97.6,102.8,90.2,98.4,96.1,97.1,96.7,98.5,94.5,108.6,105.8,99.9,100.9,101.0,99.1,97.7,98.5,93.5,97.8,100.4,100.3,92.4,94.6,93.4,92.1,101.5,96.9,103.9,95.0,97.7,99.59633869926192,95.8,96.9,103.4,104.0,110.7,,100.2,96.9,87.7,94.5,98.7,99.5,103.3,98.6,97.0,100.7,93.3,94.0,95.4,100.9,102.5,101.2,100.5,99.9,103.1,115.8,102.6,98.8,95.9,109.0,,,
2011-10-01,TRADE_NF_IND_ROG,102.9,102.11398721408474,107.4,101.9,100.3,103.4,99.9,104.9,91.9,104.5,103.9,105.5,102.9,101.5,101.2,97.9,101.0,97.3,99.4,103.7,102.9,101.5,106.3,97.8,110.0,,101.8,103.7,103.2,114.1,102.1,97.4,102.5,98.6,109.0,107.5,93.4,100.7,102.4,102.2,105.5,114.1,97.5,101.1,100.3,101.6,96.0,102.1,103.6,107.4,104.0,96.0,108.5,100.3,104.0,102.9,102.4,102.0,100.4,104.0,97.4,106.3,100.2,104.17656075241814,102.4,108.9,100.0,99.8,102.5,,101.6,101.4,101.2,101.5,96.1,98.6,100.7,100.6,103.2,97.9,98.5,103.2,104.5,101.6,100.2,100.2,99.2,101.9,98.7,100.2,104.0,97.7,99.2,136.9,,,
2011-11-01,TRADE_NF_IND_ROG,98.6,97.64304921305506,99.9,96.5,96.9,104.7,102.2,100.0,94.7,95.7,101.2,95.3,89.4,95.4,96.6,98.9,100.4,95.1,100.6,100.1,99.1,97.0,102.5,98.2,99.8,,93.3,100.5,95.0,105.4,99.6,96.6,99.9,96.9,97.8,91.5,97.6,92.5,99.1,96.2,97.9,91.6,107.9,101.3,86.7,103.7,108.1,100.2,98.1,100.1,98.4,95.8,99.1,102.4,95.5,98.7,99.6,94.5,99.9,95.8,95.7,97.3,101.0,99.58470410001019,97.5,99.2,103.2,104.2,103.0,,96.2,99.6,97.6,95.6,122.9,98.3,99.5,99.4,97.5,103.6,99.8,99.4,100.8,96.8,98.9,100.5,101.9,98.6,101.4,92.6,97.0,99.4,96.1,88.5,,,
2011-12-01,TRADE_NF_IND_ROG,119.2,116.06691169112077,118.6,109.8,117.7,107.6,118.7,108.6,132.3,106.3,112.2,112.0,117.7,120.8,113.5,124.1,112.3,107.1,116.0,122.3,118.9,110.3,125.1,121.6,130.0,,123.6,107.4,111.0,137.9,121.8,116.9,118.8,115.8,120.3,116.8,114.7,124.9,109.7,117.2,122.6,128.1,151.9,114.5,112.5,127.5,105.3,121.7,118.6,115.0,110.7,108.3,127.5,118.3,118.2,114.2,116.9,121.3,108.9,115.2,125.7,116.6,106.7,120.44674462751355,120.2,119.5,119.4,117.7,122.9,,123.4,121.6,121.3,136.1,127.0,109.5,139.5,125.7,124.6,125.8,110.5,117.2,110.1,128.0,129.9,140.3,116.4,133.0,125.0,143.1,130.3,112.0,114.5,109.8,,,
2012-01-01,TRADE_NF_IND_ROG,74.1,76.1,78.8,77.4,82.7,80.5,94.1,70.2,70.1,83.0,74.8,76.4,80.7,81.6,84.8,73.0,85.0,91.1,76.8,73.0,77.8,77.8,71.7,78.7,64.6,,93.0,93.5,82.3,71.8,76.2,79.4,74.7,78.1,85.3,83.2,80.1,70.2,77.7,76.2,64.0,40.7,64.9,66.8,85.9,71.6,85.1,70.8,74.1,58.8,75.4,104.0,73.1,65.7,83.0,79.2,82.1,77.3,80.1,73.7,73.4,76.3,82.1,76.1,77.7,75.3,70.0,65.8,67.3,,83.6,74.2,85.4,78.9,60.8,94.7,51.1,72.4,76.0,70.0,85.9,74.9,72.7,71.9,68.6,48.1,68.5,72.9,62.4,58.6,74.0,92.0,91.4,82.2,,,
2012-02-01,TRADE_NF_IND_ROG,100.1,98.7,100.5,103.1,103.1,105.8,96.2,100.5,103.9,102.6,101.8,99.4,100.7,94.7,97.6,96.0,94.2,101.0,102.4,97.1,101.2,103.7,107.5,102.5,108.8,,102.3,102.6,99.4,103.1,103.0,102.2,99.6,94.4,107.2,104.3,86.0,101.4,100.5,99.7,99.3,106.7,104.7,92.6,96.0,96.6,105.6,93.3,102.6,99.4,102.2,92.5,104.2,95.0,96.6,96.1,102.4,108.3,99.9,102.0,110.5,103.0,102.1,101.6,102.3,97.3,104.9,103.9,98.7,,104.7,103.6,95.4,100.2,100.9,97.4,107.7,103.6,107.5,103.1,102.6,99.7,105.4,101.8,102.5,106.3,101.5,100.3,100.7,106.2,103.5,103.5,95.7,91.2,,,
2012-03-01,TRADE_NF_IND_ROG,107.5,106.9,107.1,103.6,107.2,105.8,104.1,106.4,107.5,107.6,114.5,107.4,107.9,110.2,101.0,108.3,113.4,106.6,109.7,106.3,110.3,109.1,116.1,107.4,112.4,,108.6,103.6,105.0,107.5,95.5,106.9,113.7,107.2,94.1,100.4,101.1,112.1,108.3,115.1,109.1,104.6,95.1,102.0,108.7,103.7,99.7,118.9,106.2,104.8,104.7,104.0,105.3,112.9,105.7,110.2,110.8,102.5,104.6,106.6,106.6,108.3,104.5,106.5,104.2,107.0,105.2,104.8,111.0,,107.6,109.5,102.1,115.2,108.2,97.2,116.5,105.5,107.5,117.9,109.2,110.2,99.7,109.9,108.4,117.9,105.6,110.9,104.8,109.8,103.6,99.1,102.9,92.1,,,
2012-04-01,TRADE_NF_IND_ROG,100.9,102.3,95.7,103.7,104.7,101.2,100.3,101.3,94.5,99.5,100.4,106.6,103.0,101.0,100.1,98.6,100.2,102.1,97.5,102.2,98.7,102.4,88.2,94.2,90.1,,95.3,105.2,98.0,89.6,96.8,99.6,101.6,99.4,93.8,119.6,92.9,108.5,107.4,101.8,100.8,102.5,101.9,99.2,100.4,100.5,93.7,101.9,103.3,108.7,95.1,106.4,105.6,104.6,99.3,102.0,92.6,99.1,105.1,98.8,103.2,102.6,107.9,99.8,97.9,98.5,101.0,102.5,97.7,,100.7,98.6,90.1,86.3,104.1,96.3,103.0,97.1,98.9,94.6,98.2,99.1,106.1,94.4,97.6,96.1,98.0,97.0,93.4,104.5,95.9,98.4,104.5,112.9,,,
2012-05-01,TRADE_NF_IND_ROG,103.3,101.4,98.6,104.7,104.6,108.1,106.9,105.9,103.3,114.2,104.8,100.4,106.6,107.6,105.4,103.3,103.5,103.2,104.5,99.0,104.6,105.0,99.0,113.5,95.9,,107.0,106.8,109.3,96.5,115.6,108.2,102.5,106.3,114.4,97.6,111.6,100.9,101.2,102.7,103.1,106.5,95.2,101.7,105.4,100.2,98.8,102.8,105.0,110.3,114.2,98.0,100.2,106.0,109.5,102.7,105.3,106.3,106.5,109.4,102.6,105.6,106.5,104.2,104.9,106.1,107.0,102.0,106.7,,98.0,102.6,107.9,104.1,97.9,126.2,104.3,104.8,104.8,97.5,102.0,102.2,99.7,98.0,103.1,103.0,104.4,99.9,110.4,101.5,100.1,102.8,101.6,93.0,,,
2012-06-01,TRADE_NF_IND_ROG,102.1,100.9,107.8,105.2,102.1,96.7,105.5,100.4,103.5,100.3,102.6,104.0,102.1,100.3,109.4,107.2,100.0,99.5,101.7,98.9,100.3,101.5,98.8,96.9,97.1,,97.3,108.9,99.4,89.0,104.0,104.3,101.3,104.6,103.3,101.4,107.8,99.6,103.6,102.8,106.3,115.6,75.7,104.6,103.9,102.9,99.0,103.9,103.3,106.9,104.7,100.1,106.0,102.5,104.1,99.6,101.1,104.9,104.0,102.9,100.8,98.7,100.4,102.2,103.5,103.7,102.5,100.7,98.9,,99.4,102.6,120.1,101.0,104.8,96.7,103.8,102.2,101.7,101.3,99.8,103.2,106.0,107.1,100.0,105.9,105.4,96.4,99.7,100.6,99.7,99.2,102.7,95.1,,,
2012-07-01,TRADE_NF_IND_ROG,102.6,100.8,99.2,103.5,100.9,104.6,100.1,106.0,107.4,100.8,103.0,102.1,104.3,104.1,105.6,109.1,104.3,104.8,103.0,98.3,100.5,103.1,98.0,103.7,98.4,,106.8,105.2,101.9,87.5,105.0,104.7,99.4,107.3,100.9,94.6,112.0,101.3,106.9,104.5,107.9,114.1,98.4,112.2,103.0,104.9,99.3,105.9,102.9,108.4,101.8,100.7,103.3,98.6,106.4,100.2,102.5,101.0,105.9,98.0,100.4,102.4,107.3,102.7,106.6,101.8,104.4,112.6,101.1,,101.4,102.5,109.8,119.4,103.2,107.4,107.8,102.0,99.9,99.4,98.6,102.0,105.2,98.7,102.0,102.7,106.5,101.1,105.1,102.5,102.3,98.2,97.9,82.1,,,
2012-08-01,TRADE_NF_IND_ROG,103.5,100.7,103.2,104.1,98.5,102.7,101.4,100.5,101.1,100.0,103.8,102.5,102.2,102.4,104.4,105.6,97.2,100.3,97.9,99.3,106.0,103.1,105.7,102.4,112.1,,100.2,110.5,103.8,105.7,100.1,102.6,108.2,109.0,109.1,104.4,117.3,100.2,102.0,104.0,109.2,117.9,130.9,108.4,102.0,104.2,100.9,104.6,103.5,105.8,108.3,100.8,102.9,101.2,99.5,105.5,101.2,103.4,101.4,100.0,105.3,100.5,105.5,100.9,100.7,101.8,99.7,101.0,97.6,,100.9,103.0,96.2,101.4,115.9,97.4,107.1,102.3,101.1,107.1,103.1,103.0,100.6,102.5,107.0,106.7,103.9,110.6,110.2,102.4,101.7,101.7,105.3,103.6,,,
2012-09-01,TRADE_NF_IND_ROG,99.5,103.3,101.7,100.0,98.5,100.7,99.8,97.8,97.9,97.1,97.1,101.6,98.1,98.3,98.3,100.5,97.9,98.7,95.5,107.2,98.3,96.0,93.3,96.4,106.0,,90.9,108.0,93.9,110.3,99.0,92.4,99.4,101.6,91.7,104.7,105.2,99.8,100.0,99.5,98.6,92.0,96.7,106.1,107.2,101.9,103.0,100.4,96.8,97.7,95.3,93.8,98.8,98.1,95.5,93.5,98.6,96.2,101.2,101.6,92.3,96.3,98.0,97.7,92.9,96.5,100.3,102.8,97.1,,97.5,96.8,91.2,96.8,86.3,101.2,105.1,95.9,95.3,97.6,93.6,95.4,96.5,98.7,95.9,99.4,102.1,89.4,96.5,101.2,102.1,96.1,95.9,116.5,,,
2012-10-01,TRADE_NF_IND_ROG,101.8,103.0,106.5,101.1,100.6,100.6,97.4,102.1,97.6,106.3,101.6,100.3,98.2,98.0,107.4,102.7,104.7,99.5,100.2,105.0,102.0,104.0,105.0,103.0,106.7,,102.1,105.4,98.1,109.9,105.7,98.2,101.1,97.8,100.3,102.9,93.7,101.9,100.4,100.4,110.8,125.7,103.8,104.9,97.7,104.4,101.3,103.4,99.8,101.1,99.8,97.7,100.0,102.6,102.4,98.8,99.8,100.9,96.1,102.4,97.5,101.1,97.9,102.8,103.7,103.7,100.8,97.2,105.9,,103.7,100.7,95.6,86.6,100.5,91.5,98.2,100.7,102.3,100.3,100.8,103.2,103.9,101.5,104.9,101.4,101.2,107.0,103.8,109.1,102.7,103.5,102.0,123.7,,,
2012-11-01,TRADE_NF_IND_ROG,98.6,99.2,98.2,99.9,100.5,98.8,95.1,99.3,92.7,100.5,95.8,97.2,94.6,98.1,92.6,93.8,103.7,98.9,98.9,100.8,96.7,91.1,98.5,95.3,95.3,,94.9,108.3,100.9,107.0,93.7,97.8,94.1,98.2,96.0,93.3,100.5,95.2,95.5,97.5,95.8,96.5,93.7,100.6,95.9,100.0,87.5,95.7,99.5,105.0,93.6,100.4,102.6,100.4,93.7,101.1,96.0,100.0,98.3,92.7,93.2,97.2,96.3,99.5,94.2,99.3,103.0,106.7,108.9,,96.6,97.6,94.3,101.6,112.5,116.4,93.7,97.9,95.2,96.9,97.7,99.9,94.6,100.6,99.8,103.0,103.6,100.0,102.7,94.2,97.1,96.3,99.8,103.2,,,
2012-12-01,TRADE_NF_IND_ROG,119.3,118.9,116.4,110.1,123.3,111.5,122.5,115.3,129.1,108.2,115.6,114.9,115.5,119.3,115.7,125.8,116.8,112.0,116.0,122.5,122.5,115.6,130.7,117.8,138.1,,132.1,104.5,120.2,142.7,121.7,119.3,122.1,114.6,119.7,104.8,116.1,118.7,111.0,112.8,123.9,138.8,91.7,115.2,115.9,122.5,100.7,118.8,114.4,108.0,110.9,107.3,114.3,114.3,110.1,114.3,120.2,116.5,109.3,120.2,121.5,116.7,113.5,120.6,122.1,118.7,122.9,126.4,123.5,,120.6,124.4,127.6,124.3,127.5,93.7,144.1,124.7,123.2,126.0,113.1,123.2,127.4,123.5,125.5,145.3,121.1,112.2,131.1,134.6,126.8,115.3,108.4,114.4,,,
2013-01-01,TRADE_NF_IND_ROG,73.7,74.1,77.1,76.5,76.5,76.0,74.6,75.6,73.1,76.1,78.3,75.1,79.2,74.1,74.7,68.1,77.2,79.9,82.6,72.0,77.6,80.0,74.7,84.5,64.2,,74.8,83.4,78.8,72.0,76.3,76.6,76.9,73.3,70.8,98.9,71.1,72.1,81.5,72.9,66.0,39.8,149.0,65.1,73.3,73.1,92.4,71.6,77.3,68.7,75.7,97.0,73.1,77.7,86.8,81.7,83.2,78.3,72.2,76.1,83.7,77.2,83.1,74.8,79.9,78.4,73.0,67.5,72.4,,69.1,73.2,79.0,78.6,62.6,93.1,49.2,74.0,76.1,68.2,81.6,76.5,68.4,76.3,75.9,47.6,63.1,93.2,65.4,60.3,85.4,91.9,87.5,76.0,,,
2013-02-01,TRADE_NF_IND_ROG,98.5,97.8,100.2,100.1,93.3,99.0,98.6,101.7,105.6,101.4,98.4,94.0,101.5,95.8,98.9,99.5,90.8,100.1,101.7,98.4,99.3,103.0,101.2,96.9,103.7,,100.3,96.8,91.3,102.9,100.7,99.9,100.5,95.1,99.6,96.4,89.1,103.6,98.7,98.7,96.7,95.5,101.2,94.5,91.7,96.4,103.0,96.5,99.7,91.8,104.9,102.6,98.5,97.9,94.4,102.0,102.5,99.6,103.5,103.3,105.0,103.1,98.1,99.8,101.0,97.2,101.4,101.1,105.0,,102.3,101.7,88.3,103.4,97.1,80.6,99.6,101.0,106.8,103.5,103.7,96.8,104.9,97.5,97.2,109.4,96.3,92.3,93.8,101.1,105.6,95.3,99.0,90.5,,,
2013-03-01,TRADE_NF_IND_ROG,108.2,107.6,108.4,108.0,108.0,105.4,105.3,108.1,108.0,107.3,110.6,106.6,110.2,115.7,107.8,105.5,114.6,105.4,108.2,107.5,111.9,105.9,121.7,111.1,117.8,,106.0,100.1,119.7,110.3,105.5,109.4,112.0,107.7,122.8,102.4,100.1,108.3,111.3,113.8,106.9,108.7,91.9,105.5,110.8,102.3,99.1,109.6,107.4,104.5,106.4,102.5,105.9,107.1,106.8,106.8,109.0,108.5,107.0,106.7,110.7,111.8,108.7,106.8,108.6,106.8,104.8,103.3,106.3,,109.2,109.7,103.6,111.4,106.6,122.0,121.3,107.7,106.8,115.4,107.8,106.3,106.4,107.5,111.6,114.1,107.5,111.9,113.0,112.7,106.6,109.0,102.7,93.7,,,
2013-04-01,TRADE_NF_IND_ROG,101.4,102.9,104.3,107.3,103.2,104.0,101.9,99.7,99.8,101.0,106.8,105.5,99.9,96.3,98.4,104.1,103.8,100.0,101.8,102.2,97.0,106.3,85.8,99.9,87.5,,99.2,106.4,89.9,90.6,96.6,102.7,98.2,98.7,93.2,100.1,94.8,103.8,101.0,102.0,102.7,105.5,98.6,101.4,100.3,100.5,100.1,102.4,104.2,109.7,101.4,99.4,100.9,102.9,106.0,103.3,100.5,100.2,114.9,105.3,105.9,102.2,101.6,99.6,99.0,98.1,100.4,99.1,99.7,,101.4,100.3,117.7,100.1,103.3,106.8,103.6,99.6,99.9,96.5,102.2,98.1,102.5,99.0,99.2,99.7,97.5,102.7,95.2,101.7,94.9,94.4,101.1,101.0,,,
2013-05-01,TRADE_NF_IND_ROG,100.9,99.6,97.7,101.0,104.7,104.5,101.3,105.9,99.6,106.8,100.2,99.4,104.8,109.0,105.6,99.7,98.4,102.0,104.6,97.5,99.7,96.3,99.1,101.1,92.9,,96.9,91.9,107.9,95.0,101.0,106.9,99.0,103.3,104.4,99.5,107.4,99.2,100.1,100.9,101.4,102.0,92.9,101.6,99.2,100.6,102.5,101.5,102.5,109.7,103.0,98.0,100.7,103.1,106.4,103.4,103.3,100.7,98.0,99.8,105.0,93.1,100.3,103.4,100.6,105.2,102.5,100.6,103.9,,101.7,99.9,111.2,98.7,103.7,89.0,102.6,102.3,97.4,94.2,99.5,102.3,104.4,100.6,99.5,102.1,109.3,99.7,94.4,100.8,96.8,99.7,98.1,97.9,,,
2013-06-01,TRADE_NF_IND_ROG,102.8,102.2,101.6,101.7,103.3,102.3,100.4,101.3,104.2,106.4,99.4,107.8,99.8,97.9,101.2,105.9,103.7,100.8,99.0,100.5,98.4,109.3,99.3,99.1,95.7,,104.3,99.0,102.8,89.3,108.6,100.0,96.1,106.1,105.2,99.3,110.2,102.0,102.6,104.0,108.3,125.5,74.5,101.0,114.5,103.9,96.1,101.2,103.6,110.6,106.5,102.4,101.4,103.4,100.4,100.5,103.0,102.6,103.5,99.4,105.5,101.4,104.2,102.1,103.0,102.6,102.8,102.7,101.2,,99.8,102.4,105.7,102.0,104.6,99.5,102.8,102.7,102.4,100.4,101.6,101.7,104.8,106.1,104.5,106.3,107.0,101.7,113.1,103.9,99.3,97.3,104.7,111.8,,,
2013-07-01,TRADE_NF_IND_ROG,103.1,101.9,102.5,102.9,105.4,107.4,106.0,93.1,104.1,101.5,103.8,101.7,103.4,103.3,103.6,101.6,107.1,102.6,103.7,100.7,103.4,102.5,100.9,108.3,104.7,,103.4,106.7,109.4,86.7,101.1,105.9,103.2,107.2,106.0,103.4,109.3,106.2,105.8,105.8,103.6,105.6,97.6,107.5,93.8,102.8,99.6,103.6,104.0,105.8,105.1,103.7,108.6,98.2,104.4,102.3,103.7,104.8,103.5,107.6,95.3,109.2,103.3,101.3,106.2,100.4,101.2,101.7,102.5,,102.1,103.5,109.8,113.8,100.3,118.0,106.9,102.5,101.7,101.5,105.0,100.9,101.9,102.2,100.6,102.7,96.1,96.9,102.5,102.5,101.6,103.9,102.3,79.2,,,
2013-08-01,TRADE_NF_IND_ROG,102.9,100.3,101.1,103.7,99.8,100.9,101.3,100.5,102.0,103.1,103.1,98.5,104.6,101.5,104.0,107.3,97.6,103.7,102.1,99.6,102.6,99.6,101.8,97.7,107.0,,101.7,123.9,99.0,107.3,100.5,98.0,102.3,109.7,101.7,108.1,118.9,104.5,101.7,104.3,109.7,122.9,127.7,107.1,99.0,102.6,102.0,101.5,102.5,103.7,104.8,101.7,100.2,103.7,100.8,103.0,98.5,102.8,103.4,100.6,102.8,104.3,104.9,100.9,102.8,100.7,101.6,101.8,101.0,,100.1,103.4,94.8,98.1,114.7,109.2,109.4,102.2,101.9,106.9,101.1,102.1,104.9,99.4,104.9,103.5,100.2,106.0,107.4,102.3,102.5,105.7,100.1,110.0,,,
2013-09-01,TRADE_NF_IND_ROG,98.7,100.1,95.6,97.6,93.4,103.5,92.7,98.2,92.4,97.6,97.6,98.0,92.0,95.4,95.5,101.3,95.2,98.7,95.8,103.0,99.5,97.3,95.7,92.5,102.4,,100.7,97.4,90.8,109.9,95.5,91.9,102.9,97.5,89.0,91.7,99.3,100.3,97.7,95.7,100.0,96.1,95.0,103.7,100.8,100.4,99.9,103.0,98.3,98.1,96.4,97.0,103.4,98.1,95.9,96.0,92.7,101.4,98.0,93.6,96.9,94.7,94.6,98.4,92.1,96.8,101.9,105.1,100.2,,97.5,96.6,90.7,86.6,89.5,95.6,99.0,95.8,100.1,95.6,94.4,97.8,96.1,96.0,98.8,99.4,102.5,96.6,101.9,100.2,98.6,95.6,98.4,117.2,,,
2013-10-01,TRADE_NF_IND_ROG,101.9,102.7,104.1,101.0,99.1,98.7,101.2,99.5,99.1,103.3,103.6,101.1,102.6,105.6,106.7,104.2,98.8,103.3,100.0,104.0,101.8,100.6,103.6,103.7,114.7,,98.9,99.4,100.6,107.2,102.5,100.4,101.7,99.1,101.5,95.0,96.7,98.8,101.3,101.2,104.7,108.3,102.1,105.1,96.0,105.2,101.7,102.8,100.9,106.1,97.8,98.9,102.0,99.1,99.0,100.1,100.1,101.6,98.9,101.9,97.2,101.1,95.0,102.9,100.1,104.1,103.1,103.2,104.1,,100.9,101.8,94.2,104.7,107.2,94.1,98.9,99.4,99.1,100.3,105.8,104.8,99.8,108.0,102.4,100.5,106.5,99.7,103.7,107.7,106.2,102.4,98.9,104.5,,,
2013-11-01,TRADE_NF_IND_ROG,99.7,100.0,100.3,101.0,101.3,98.0,100.5,102.7,95.3,101.4,94.1,98.3,94.3,97.6,98.7,102.0,101.3,100.9,98.0,101.1,97.2,94.5,98.1,94.5,101.8,,112.8,91.0,96.4,104.8,104.3,100.0,95.5,100.8,99.3,95.7,104.3,96.8,99.3,98.2,102.1,104.9,91.9,102.3,98.6,101.3,101.5,100.4,99.3,105.5,101.6,97.9,101.4,95.7,96.6,97.9,95.6,99.1,98.7,95.9,96.1,94.4,100.2,99.5,96.3,97.3,102.0,102.0,106.9,,100.7,98.3,89.9,93.2,103.0,106.7,99.7,98.8,97.9,100.9,95.1,99.3,97.8,98.2,101.0,107.3,106.1,103.8,101.3,95.6,98.2,91.3,96.3,100.0,,,
2013-12-01,TRADE_NF_IND_ROG,119.3,120.4,116.6,108.3,116.5,117.7,121.4,108.3,135.2,111.5,117.8,117.6,120.1,119.6,114.1,113.5,118.1,115.1,118.5,124.4,121.3,112.9,130.4,127.2,135.8,126.9,119.8,116.3,114.0,142.1,107.6,114.7,121.5,112.0,118.8,109.9,108.2,118.1,114.4,113.6,122.8,141.2,90.1,119.0,122.4,124.7,84.1,115.3,113.1,101.1,112.3,108.2,114.2,109.4,108.9,105.7,121.2,119.1,110.7,125.1,119.0,126.8,109.1,120.1,120.7,120.1,119.7,124.4,121.6,113.3,120.5,126.6,129.3,121.1,121.6,91.6,152.5,121.7,128.7,129.1,116.4,120.2,128.4,126.5,125.2,153.9,130.2,109.8,127.3,126.1,119.5,119.2,120.2,151.3,,,
2014-01-01,TRADE_NF_IND_ROG,73.4,74.0,63.9,78.6,81.9,75.0,83.0,82.2,78.0,74.9,74.4,75.3,82.6,75.5,76.4,70.2,81.4,76.2,78.2,71.8,78.3,81.7,75.3,81.3,66.5,81.8,71.5,78.8,92.0,71.3,72.9,80.2,76.4,76.2,74.9,93.9,79.3,72.4,76.6,72.0,64.1,40.8,112.4,64.7,71.0,72.7,98.4,70.5,76.8,68.8,74.5,84.1,75.1,82.8,86.5,84.6,80.6,79.0,72.6,76.6,76.7,74.8,80.0,74.9,77.1,75.4,71.8,67.6,73.2,76.6,78.1,71.4,82.9,77.5,64.3,107.3,45.1,77.2,72.4,69.9,70.9,75.1,70.2,76.9,72.8,40.4,60.5,89.6,63.1,65.3,76.3,85.8,87.0,59.2,22.8,,86.7
2014-02-01,TRADE_NF_IND_ROG,99.9,100.3,110.1,100.5,97.2,100.4,108.3,104.3,100.0,98.1,102.4,99.1,99.1,99.6,100.8,97.3,94.4,100.9,100.6,100.2,97.6,105.8,102.0,96.1,100.2,96.1,98.2,92.0,84.3,104.4,105.7,97.0,98.9,100.2,96.8,102.3,100.9,105.4,95.8,100.0,97.7,99.4,90.1,93.9,97.7,97.0,95.4,98.3,100.1,93.9,114.3,115.9,96.3,103.6,98.2,100.5,104.3,100.4,105.4,101.2,101.5,105.3,101.7,101.8,99.5,96.1,105.1,104.6,112.5,102.8,107.2,99.6,96.4,97.4,94.3,102.5,99.0,99.7,98.7,100.3,98.4,101.2,103.1,93.7,100.4,110.9,92.5,96.5,102.9,100.9,98.7,97.3,100.1,97.1,93.9,94.7,91.5
2014-03-01,TRADE_NF_IND_ROG,110.0,111.4,118.2,105.9,113.4,105.4,104.0,103.0,103.8,106.2,107.1,124.5,111.8,110.9,106.5,104.6,108.6,109.6,106.5,109.1,113.1,101.1,121.5,110.7,113.8,110.6,107.7,117.9,116.4,110.1,102.5,111.1,113.7,105.3,117.3,104.4,97.2,110.3,108.8,112.8,106.1,103.7,95.1,107.5,104.4,104.0,96.2,111.6,110.3,104.9,108.0,108.9,109.7,115.9,108.5,107.5,110.7,113.5,108.2,112.3,114.9,113.3,105.0,108.3,113.4,110.1,105.6,106.3,107.0,104.1,107.9,110.2,101.8,112.3,108.7,104.8,115.7,109.6,114.5,110.1,109.5,110.0,103.0,105.6,110.2,118.6,108.9,108.0,104.6,114.2,113.5,111.4,100.9,115.5,107.4,112.7,91.1
2014-04-01,TRADE_NF_IND_ROG,98.3,99.6,100.5,100.9,94.2,102.9,100.8,105.0,90.4,97.9,102.8,99.0,96.8,96.2,98.1,100.1,104.7,100.4,100.3,99.4,96.6,107.0,85.4,96.1,90.9,96.3,92.4,97.7,98.9,92.3,99.2,100.7,97.3,96.9,89.8,103.1,97.4,99.2,98.3,95.9,100.3,96.7,98.2,100.2,102.5,100.8,108.4,101.2,100.0,108.1,93.5,95.4,101.1,92.3,92.5,103.8,95.8,95.0,106.9,95.3,101.1,92.6,97.7,97.7,95.4,98.4,98.1,98.9,90.7,100.3,96.2,95.4,99.3,104.0,101.7,100.3,101.1,94.1,92.1,95.3,95.1,89.9,100.7,94.9,97.5,99.8,100.7,97.2,99.2,97.5,97.9,92.4,95.9,93.4,79.3,79.5,78.8
2014-05-01,TRADE_NF_IND_ROG,101.1,100.5,105.6,103.0,102.9,102.1,102.3,103.2,103.0,104.0,102.5,106.8,102.6,106.8,105.6,105.5,102.0,102.6,101.8,96.0,99.9,101.1,99.3,101.9,92.6,102.2,101.1,93.9,110.0,96.0,101.4,105.4,97.8,100.0,105.5,98.2,94.9,100.8,103.5,104.8,98.6,96.0,103.5,101.4,100.3,100.5,100.5,98.9,101.9,104.3,103.7,98.2,95.5,99.7,106.2,100.3,103.1,98.3,103.9,106.4,109.0,103.5,105.0,103.0,104.8,106.0,99.3,98.1,98.3,101.2,102.5,102.6,102.3,104.5,103.7,93.6,99.7,101.7,100.5,106.5,102.4,103.8,106.1,99.5,100.1,101.7,104.3,100.6,98.6,98.8,100.4,99.3,100.6,79.6,106.9,108.7,100.9
2014-06-01,TRADE_NF_IND_ROG,101.4,100.3,102.4,104.0,101.0,99.2,94.3,97.7,107.4,99.8,102.7,101.3,97.2,98.1,99.1,104.7,102.5,99.0,104.2,99.6,101.3,99.2,99.7,103.0,92.2,103.3,102.8,105.7,97.8,89.3,105.9,101.6,102.5,102.7,102.8,101.5,102.8,98.7,101.4,104.3,100.3,97.8,96.8,103.4,108.3,103.4,100.7,100.7,101.7,107.5,102.1,103.5,101.7,104.3,101.6,99.8,103.2,101.6,102.3,95.2,99.8,96.5,102.0,98.0,100.5,100.0,97.8,94.9,97.2,101.3,94.3,100.8,112.0,99.8,105.6,90.0,105.3,100.1,99.8,99.4,99.1,101.0,103.0,101.6,106.3,108.0,101.2,112.8,105.7,101.3,100.4,96.0,107.0,93.5,127.1,134.3,101.3
2014-07-01,TRADE_NF_IND_ROG,103.3,101.0,100.8,104.3,105.9,105.0,102.8,100.6,102.3,106.8,102.8,98.8,104.6,104.5,104.7,103.9,101.6,101.7,104.6,99.9,101.8,109.9,100.1,102.2,105.9,102.1,105.2,103.1,107.6,83.8,101.7,104.3,101.3,110.3,107.7,101.6,114.7,104.6,106.4,108.0,104.7,106.9,91.4,106.7,101.6,105.7,102.5,103.8,104.9,108.9,99.9,104.9,103.2,102.4,106.4,103.3,107.3,105.3,101.7,107.6,104.8,104.4,104.1,101.2,101.6,100.6,99.6,98.9,101.8,99.6,104.2,104.8,112.8,112.5,104.7,103.3,110.6,102.9,102.4,102.6,108.8,102.9,103.9,101.0,103.7,101.0,103.9,102.4,104.6,104.6,100.8,110.1,95.9,97.9,107.4,112.7,86.7
2014-08-01,TRADE_NF_IND_ROG,103.2,102.3,103.5,102.5,97.7,100.7,103.5,102.7,101.5,103.9,100.9,101.8,101.1,102.9,100.9,104.9,104.8,99.2,101.0,102.8,102.2,97.6,102.2,98.3,104.4,98.2,100.5,106.4,102.9,108.6,102.8,105.0,101.8,107.6,101.1,105.4,113.2,103.9,104.1,103.1,100.2,95.1,109.4,106.9,100.0,101.8,101.6,102.3,102.4,107.5,102.2,108.4,103.8,103.0,103.5,100.8,98.2,100.9,98.9,101.0,100.8,102.1,99.0,101.5,103.2,100.0,104.1,105.7,105.8,101.8,100.1,101.9,106.6,100.1,112.6,96.9,104.3,101.3,104.2,101.5,95.8,103.8,102.8,98.2,103.5,108.1,99.5,101.3,104.5,106.6,102.2,100.9,99.5,93.4,141.7,147.0,118.3
2014-09-01,TRADE_NF_IND_ROG,99.0,101.2,101.0,99.6,97.2,99.6,94.4,99.4,94.0,100.3,99.3,96.5,99.2,98.3,97.6,101.6,99.6,98.9,97.7,104.8,98.2,96.7,95.6,96.9,106.9,96.6,96.1,101.6,89.0,108.4,96.4,98.3,99.8,99.0,96.4,96.9,100.0,99.8,97.9,98.1,100.6,99.4,105.3,100.5,102.2,99.3,101.4,101.5,98.8,97.6,92.1,91.7,101.7,102.9,95.3,98.0,94.6,96.7,101.2,101.0,98.4,100.6,101.2,99.6,94.9,98.1,101.6,103.1,104.4,98.9,100.2,96.4,88.6,85.8,100.2,96.2,99.2,100.5,96.4,100.5,94.8,96.6,94.5,96.8,100.7,100.4,107.9,98.9,104.5,98.1,100.2,101.3,99.9,105.3,65.4,54.6,113.0
2014-10-01,TRADE_NF_IND_ROG,101.8,102.2,96.1,101.1,101.2,104.7,105.7,104.3,101.8,102.2,101.7,102.0,100.1,103.0,106.7,104.9,103.8,100.2,101.0,102.3,102.2,106.4,103.3,100.7,101.5,100.7,98.3,101.4,100.6,109.8,99.5,101.5,102.3,99.5,104.6,101.0,98.1,103.1,96.8,101.0,99.4,95.5,102.5,104.5,98.5,100.0,99.3,102.1,101.7,101.0,101.5,101.6,102.9,100.7,96.8,101.9,101.4,105.5,100.4,104.4,97.9,103.0,99.3,102.7,100.2,103.8,102.6,104.2,103.9,100.1,101.3,101.4,98.8,99.4,97.3,117.5,106.0,100.4,98.9,98.5,102.6,101.2,101.8,101.5,101.2,100.3,103.9,103.6,100.0,98.0,103.1,99.4,103.3,114.8,105.0,104.0,109.5
2014-11-01,TRADE_NF_IND_ROG,100.9,101.6,100.7,99.2,100.3,100.2,100.1,103.2,98.0,107.1,97.7,104.9,95.5,97.8,103.4,101.1,95.8,103.4,99.4,101.2,100.1,91.4,97.2,96.6,99.1,96.5,97.7,100.3,98.1,100.4,103.6,99.9,101.9,103.1,105.4,94.5,108.5,95.0,102.7,97.6,100.8,99.7,94.2,104.3,100.1,101.4,96.6,102.5,101.1,105.6,99.5,99.3,101.0,100.3,102.9,100.5,97.3,102.7,102.3,97.7,98.5,96.9,101.7,99.9,97.9,97.6,102.9,103.0,103.4,102.5,100.1,99.6,95.0,93.5,104.3,84.3,93.9,95.6,102.4,98.0,100.3,101.8,103.8,101.6,100.1,103.2,104.8,97.8,102.8,101.3,91.9,96.7,98.2,108.1,61.9,63.2,56.4
2014-12-01,TRADE_NF_IND_ROG,125.5,123.3,117.8,125.9,123.1,124.2,118.5,110.4,127.9,114.3,118.5,117.3,121.5,119.9,119.8,118.4,125.3,114.7,117.0,128.2,130.0,122.5,133.3,131.0,148.2,130.4,130.1,125.7,116.3,138.5,125.5,121.8,133.5,120.8,132.0,109.6,117.5,120.3,119.0,124.9,137.0,164.8,89.8,123.7,124.6,139.8,93.9,122.2,118.2,107.4,134.0,114.3,118.3,125.2,117.4,110.8,123.5,124.8,118.8,120.2,118.0,128.1,125.5,125.8,129.3,122.8,119.4,123.0,120.0,115.3,139.1,131.8,133.4,125.2,132.3,102.4,164.1,127.8,128.2,120.6,132.1,129.1,129.1,139.7,133.0,158.3,137.1,118.4,140.2,130.0,123.9,131.0,115.4,112.6,123.9,113.6,167.8
2015-01-01,TRADE_NF_IND_ROG,64.6,66.8,66.7,62.7,67.4,64.0,65.8,75.2,76.3,66.1,66.4,67.5,77.9,67.2,70.1,61.2,65.4,72.7,71.3,65.9,67.2,69.6,64.0,71.0,62.2,71.2,67.3,64.6,80.5,52.3,70.4,68.1,65.1,67.0,56.5,87.2,70.3,71.3,68.5,60.6,57.2,35.9,67.9,57.3,63.4,63.7,108.3,60.2,64.9,66.5,72.0,81.1,57.6,61.9,76.1,75.8,75.2,58.8,63.8,66.5,60.6,65.6,62.9,66.4,64.5,71.2,68.7,67.5,63.5,72.6,53.1,63.4,68.0,68.0,55.6,106.5,44.2,71.3,67.8,67.8,60.8,59.7,60.0,66.3,61.8,40.0,56.9,67.1,57.2,61.6,69.4,74.9,86.2,101.3,60.1,61.5,53.8
2015-02-01,TRADE_NF_IND_ROG,95.7,94.7,98.2,100.0,91.3,95.4,100.9,97.8,96.1,98.5,91.8,92.1,98.3,90.3,100.5,90.5,94.5,95.5,89.1,95.1,92.0,92.0,97.6,99.7,98.9,99.7,98.5,103.6,88.5,100.6,91.6,88.8,88.7,97.2,98.5,91.0,95.5,99.4,98.4,98.7,95.6,93.6,92.9,97.0,92.7,100.7,99.0,95.3,96.0,90.5,97.4,94.8,105.1,92.2,90.4,93.0,96.8,97.2,99.7,98.5,93.8,94.0,94.4,97.0,103.7,89.9,103.2,101.2,108.1,103.7,99.6,96.7,86.7,98.3,92.9,99.0,90.0,94.0,94.6,103.6,91.6,99.2,99.6,99.6,99.4,105.6,94.5,98.4,98.3,98.8,111.3,97.2,97.2,75.8,100.4,100.4,100.6
2015-03-01,TRADE_NF_IND_ROG,106.6,109.2,115.4,109.8,112.0,110.2,101.4,98.9,101.5,105.5,113.2,110.4,105.1,112.6,107.3,116.4,102.1,113.3,116.2,108.4,106.6,110.7,109.9,103.1,109.7,102.9,110.6,95.9,108.4,111.5,106.9,111.8,106.0,103.0,108.2,105.0,100.2,104.7,101.5,107.1,106.1,110.3,93.7,105.7,101.5,102.5,98.9,106.0,105.4,89.0,110.5,99.8,106.3,108.3,109.7,108.4,102.9,108.8,104.6,110.5,107.0,119.5,106.8,107.1,104.3,112.2,104.4,103.9,107.5,103.5,102.1,105.7,109.9,112.1,107.7,111.2,111.1,109.8,103.5,106.7,107.6,100.3,106.9,99.5,107.2,121.8,105.7,103.0,105.1,106.0,109.6,104.8,104.3,120.7,104.6,104.9,103.1
2015-04-01,TRADE_NF_IND_ROG,97.6,99.3,98.8,103.0,99.4,92.8,97.3,96.3,101.6,97.3,105.7,102.5,96.6,97.7,96.7,96.2,99.0,97.3,92.4,99.4,97.0,100.2,91.8,94.3,87.3,94.5,92.6,98.1,95.7,104.1,100.4,101.6,97.2,96.7,80.3,100.3,97.4,95.6,96.9,98.0,99.2,99.2,112.0,98.8,97.0,96.6,99.3,99.4,97.9,106.7,95.5,95.4,94.0,98.8,95.7,99.7,99.9,95.8,97.2,97.6,98.3,90.7,97.9,94.3,94.6,94.1,93.2,93.1,90.7,94.1,96.5,96.8,93.9,117.9,104.2,99.4,97.4,94.8,95.9,93.3,95.1,93.9,96.4,101.0,98.3,96.8,97.3,102.0,98.5,96.7,94.1,92.7,98.3,103.5,101.0,102.9,92.1
2015-05-01,TRADE_NF_IND_ROG,102.5,101.4,103.5,104.2,104.3,102.8,108.5,105.0,101.0,105.2,102.9,106.7,105.2,111.5,103.6,107.1,99.2,106.5,105.9,97.1,101.2,103.8,99.2,102.1,87.6,102.5,105.8,100.5,105.4,93.1,103.2,108.2,99.8,100.6,105.9,98.3,99.6,101.2,102.7,100.6,100.3,97.9,98.7,100.8,103.0,100.3,99.2,102.7,103.4,101.8,100.7,114.8,103.2,99.8,108.9,99.5,97.6,102.4,103.3,103.2,112.3,100.7,103.8,104.1,101.0,106.1,103.3,104.4,99.5,103.5,101.8,102.2,102.3,98.5,103.5,89.6,106.9,97.7,101.4,105.0,103.2,102.3,102.5,101.6,104.0,101.5,105.6,105.0,101.6,111.0,104.8,101.0,99.9,94.4,89.9,86.5,105.8
2015-06-01,TRADE_NF_IND_ROG,101.1,98.7,107.3,109.7,100.9,102.4,106.9,97.8,105.1,99.9,104.1,96.2,97.3,100.6,97.5,100.0,103.8,99.9,102.9,96.7,102.3,102.4,100.1,100.9,100.1,100.9,102.5,103.2,103.8,91.1,107.1,98.3,103.3,104.8,104.7,90.4,104.1,101.5,104.2,107.2,103.9,107.3,98.5,104.7,98.4,101.8,100.1,102.6,103.2,106.1,103.2,97.6,100.3,97.1,100.8,103.2,103.2,103.3,104.5,110.1,101.9,106.1,104.7,100.6,101.9,101.6,99.7,96.8,98.9,103.1,99.7,103.0,115.1,105.4,105.0,100.7,104.1,100.9,104.6,100.8,101.8,100.5,105.1,103.7,103.3,108.8,99.6,103.9,103.5,100.3,94.3,101.0,100.5,97.6,100.2,100.6,98.4
2015-07-01,TRADE_NF_IND_ROG,103.4,100.5,101.4,101.2,103.0,103.8,96.1,101.5,102.4,105.8,104.3,100.1,102.6,102.3,106.3,106.7,101.3,101.1,95.7,99.2,100.2,104.3,98.3,102.0,108.3,101.8,104.5,106.4,101.3,79.1,102.7,104.8,99.8,106.0,114.4,102.0,105.3,102.5,102.5,108.6,110.0,121.7,105.1,106.3,111.7,101.0,100.7,103.7,108.2,130.2,109.6,107.0,117.0,104.5,100.0,98.1,102.9,97.1,104.0,101.4,103.8,101.7,105.7,101.6,103.4,101.3,102.0,101.5,100.0,103.1,101.1,102.8,106.9,89.0,100.4,100.8,106.5,100.8,100.1,97.8,105.8,110.9,102.0,103.0,101.8,100.4,103.8,102.2,103.9,97.8,102.1,103.0,103.3,95.3,126.4,130.4,107.9
2015-08-01,TRADE_NF_IND_ROG,104.3,104.4,105.9,98.2,100.9,105.8,99.3,102.3,100.4,103.7,103.9,108.6,105.6,106.4,101.3,101.5,102.3,101.4,103.4,103.8,104.7,100.0,101.2,99.7,92.9,99.9,105.9,103.8,103.4,132.2,98.6,101.0,104.9,110.3,108.8,101.3,116.2,104.1,106.3,104.8,108.1,113.6,128.9,107.1,101.1,100.8,100.0,106.1,101.2,100.1,101.9,103.1,93.5,104.1,101.7,101.2,101.2,102.4,105.7,99.2,103.5,109.6,102.9,102.4,101.9,101.0,102.1,102.6,103.3,101.3,106.0,104.2,93.7,101.7,117.0,105.2,108.9,105.1,101.8,100.5,104.1,108.9,103.7,99.1,106.3,107.5,99.3,106.2,108.2,105.9,102.1,106.0,98.8,116.2,109.0,110.0,104.4
2015-09-01,TRADE_NF_IND_ROG,96.2,96.7,97.9,92.9,96.5,94.9,99.8,92.3,97.7,95.2,95.3,91.5,93.5,92.0,92.0,94.5,96.6,95.7,91.7,100.1,95.9,98.2,97.2,97.6,107.2,97.3,89.1,90.0,93.4,90.1,95.0,86.4,98.6,94.7,84.4,99.0,95.3,94.1,97.7,93.9,99.3,103.4,84.4,100.1,95.8,99.2,100.6,95.2,95.9,99.4,94.7,95.6,99.8,96.1,92.6,92.4,98.3,96.7,95.7,92.9,91.3,94.0,94.3,97.0,94.2,94.2,100.8,103.9,111.1,94.1,97.3,94.7,79.2,99.1,96.3,98.6,100.7,98.1,93.5,99.3,91.8,91.9,90.9,93.7,101.2,100.3,103.6,102.2,100.8,103.1,100.5,98.3,99.0,84.4,95.3,93.1,106.0
2015-10-01,TRADE_NF_IND_ROG,100.0,100.4,97.3,95.4,103.1,99.5,102.1,102.2,100.3,103.1,100.7,99.7,100.9,102.4,101.7,106.0,100.7,101.8,104.7,100.3,99.8,97.2,97.9,99.8,96.6,99.9,92.3,102.3,101.2,112.1,101.3,97.0,99.3,95.5,103.4,93.9,88.5,100.4,101.6,101.5,101.5,100.9,102.3,100.6,104.3,99.5,101.2,102.7,100.5,100.0,101.7,93.0,97.0,104.4,99.3,102.7,97.9,99.4,102.1,102.2,105.2,98.3,101.0,101.5,97.4,101.8,102.2,100.8,108.0,101.4,100.4,100.0,102.6,102.4,98.6,103.6,100.4,100.2,96.8,96.1,101.3,103.2,101.3,98.5,97.7,101.0,106.2,93.3,99.9,96.7,99.6,98.3,101.9,118.4,108.2,109.6,101.3
2015-11-01,TRADE_NF_IND_ROG,98.6,99.4,93.9,96.2,97.9,100.4,98.4,99.7,98.3,99.3,95.6,104.1,95.4,98.3,94.3,95.2,101.0,99.6,102.5,98.7,96.6,93.2,104.8,99.9,100.9,99.9,97.5,99.7,92.1,102.7,100.1,93.2,95.5,94.1,99.2,96.7,90.0,97.2,97.7,96.7,105.4,111.6,96.6,105.5,93.0,100.0,100.2,100.9,98.9,106.2,99.8,101.8,98.8,98.6,95.7,96.2,98.2,96.1,99.2,102.2,95.0,97.3,95.9,97.5,97.7,95.7,98.2,97.5,105.0,95.9,99.8,98.3,97.9,93.6,100.3,96.8,95.4,96.6,99.2,99.7,103.4,98.0,97.5,98.5,100.3,106.0,104.2,102.3,95.7,94.2,90.2,102.8,98.3,97.9,99.5,100.7,92.8
2015-12-01,TRADE_NF_IND_ROG,119.7,117.5,107.1,113.7,115.5,119.8,101.8,119.0,108.7,105.8,112.7,112.0,111.4,110.8,116.9,113.3,123.8,120.3,107.2,122.9,125.2,117.6,114.7,112.0,127.7,111.6,129.4,117.5,115.2,162.8,123.0,122.0,128.3,115.5,113.8,107.1,113.6,106.8,118.1,119.2,136.8,161.0,107.1,114.1,116.4,134.9,102.6,118.9,113.4,101.2,109.9,110.5,116.6,118.3,113.4,107.2,107.7,122.6,111.4,121.8,116.5,118.7,124.9,120.4,120.8,119.9,119.0,119.5,120.6,117.9,123.7,121.5,131.5,123.5,136.2,113.1,146.7,127.5,116.1,121.0,114.5,120.6,109.0,126.3,130.9,161.9,125.6,117.8,145.6,124.2,108.4,106.8,111.6,125.8,120.0,122.9,102.9
2016-01-01,TRADE_NF_IND_ROG,72.8,73.4,87.1,78.6,77.8,75.7,81.4,85.5,84.5,77.4,75.1,80.5,81.7,78.4,78.5,72.1,69.7,74.6,95.1,66.6,75.8,82.9,77.2,89.4,78.1,89.7,76.6,80.8,85.9,54.4,70.5,77.7,73.8,80.7,75.4,87.8,93.1,83.4,71.0,69.6,53.2,35.3,72.0,66.3,75.1,68.7,103.0,68.8,77.2,71.1,72.4,86.8,74.9,84.2,87.2,91.1,86.4,82.9,78.4,71.3,73.9,69.6,68.1,72.6,72.4,76.0,68.5,70.4,56.3,72.4,72.7,70.0,84.2,72.8,57.8,84.3,48.8,70.8,81.8,75.8,70.6,73.1,61.3,74.5,61.9,38.7,65.7,70.1,52.2,74.4,84.9,91.8,82.4,90.3,83.0,81.3,94.8
